utc,key,referrer,count,uniques
2026-09-23T19:30:29.853Z,earnstar,github.com,1,1
2026-09-23T20:43:36.114Z,earnstar,github.com,1,1
2026-09-24T20:26:49.151Z,earnstar,github.com,1,1
2026-09-25T09:08:55.416Z,earnstar,github.com,1,1
2026-10-01T07:38:59.225Z,earnstar,github.com,7,2
2026-10-01T07:38:59.225Z,earnstar_1,github.com,3,2
2026-10-01T21:57:40.999Z,earnstar,github.com,7,2
2026-10-01T21:57:40.999Z,earnstar_1,github.com,3,2
2026-10-02T07:45:41.014Z,earnstar,github.com,8,2
2026-10-02T07:45:41.014Z,earnstar_1,github.com,3,2
2026-10-02T21:48:18.862Z,earnstar,github.com,8,2
2026-10-02T21:48:18.862Z,earnstar_1,github.com,4,2
2026-10-02T21:52:11.230Z,earnstar,github.com,8,2
2026-10-02T21:52:11.230Z,earnstar_1,github.com,4,2
