utc,key,secret_scanning,push_protection,dependabot_alerts,dependabot_updates
2026-09-23T20:43:36.114Z,earnstar,enabled,enabled,disabled,disabled
2026-09-24T20:26:49.151Z,earnstar,enabled,enabled,disabled,disabled
2026-09-25T09:08:55.416Z,earnstar,enabled,enabled,disabled,disabled
2026-10-01T07:38:59.225Z,earnstar,enabled,enabled,disabled,disabled
2026-10-01T07:38:59.225Z,earnstar_1,enabled,enabled,disabled,disabled
2026-10-01T21:57:40.999Z,earnstar,enabled,enabled,disabled,disabled
2026-10-01T21:57:40.999Z,earnstar_1,enabled,enabled,disabled,disabled
2026-10-02T07:45:41.014Z,earnstar,enabled,enabled,disabled,disabled
2026-10-02T07:45:41.014Z,earnstar_1,enabled,enabled,disabled,disabled
