utc,key,name,visibility,stars,forks,watchers,open_issues,views_14d,view_uniques_14d,clones_14d,clone_uniques_14d
2026-09-23T19:30:29.853Z,earnstar,earnstar,public,0,0,0,0,1,1,0,0
2026-09-23T20:43:36.114Z,earnstar,earnstar,public,0,0,0,0,1,1,0,0
2026-09-24T20:26:49.151Z,earnstar,earnstar,public,0,0,0,0,1,1,109,60
2026-09-25T09:08:55.416Z,earnstar,earnstar,public,0,0,0,0,1,1,109,60
2026-10-01T07:38:59.225Z,earnstar,earnstar,public,0,0,0,0,9,3,345,190
2026-10-01T07:38:59.225Z,earnstar_1,earnstar_1,public,0,0,0,0,3,2,7,5
2026-10-01T21:57:40.999Z,earnstar,earnstar,public,0,0,0,0,9,3,345,190
2026-10-01T21:57:40.999Z,earnstar_1,earnstar_1,public,0,0,0,0,3,2,7,5
2026-10-02T07:45:41.014Z,earnstar,earnstar,public,0,0,0,0,11,3,871,359
2026-10-02T07:45:41.014Z,earnstar_1,earnstar_1,public,0,0,0,0,3,2,7,5
