date_utc,key,views,view_uniques,clones,clone_uniques
2026-09-09,earnstar,0,0,0,0
2026-09-10,earnstar,0,0,0,0
2026-09-11,earnstar,0,0,0,0
2026-09-12,earnstar,0,0,0,0
2026-09-13,earnstar,0,0,0,0
2026-09-14,earnstar,0,0,0,0
2026-09-15,earnstar,0,0,0,0
2026-09-16,earnstar,0,0,0,0
2026-09-17,earnstar,0,0,0,0
2026-09-17,earnstar_1,0,0,0,0
2026-09-18,earnstar,0,0,0,0
2026-09-18,earnstar_1,0,0,0,0
2026-09-19,earnstar,0,0,0,0
2026-09-19,earnstar_1,0,0,0,0
2026-09-20,earnstar,0,0,0,0
2026-09-20,earnstar_1,0,0,0,0
2026-09-21,earnstar,0,0,0,0
2026-09-21,earnstar_1,0,0,0,0
2026-09-22,earnstar,1,1,0,0
2026-09-22,earnstar_1,0,0,0,0
2026-09-23,earnstar,0,0,109,60
2026-09-23,earnstar_1,1,1,0,0
2026-09-24,earnstar,3,2,97,58
2026-09-24,earnstar_1,1,1,0,0
2026-09-25,earnstar,2,2,113,78
2026-09-25,earnstar_1,1,1,5,3
2026-09-26,earnstar,2,1,19,6
2026-09-26,earnstar_1,0,0,0,0
2026-09-27,earnstar,0,0,2,2
2026-09-27,earnstar_1,0,0,1,1
2026-09-28,earnstar,0,0,2,1
2026-09-28,earnstar_1,0,0,0,0
2026-09-29,earnstar,1,1,1,1
2026-09-29,earnstar_1,0,0,0,0
2026-09-30,earnstar,0,0,2,2
2026-09-30,earnstar_1,0,0,1,1
2026-10-01,earnstar,2,1,526,192
2026-10-01,earnstar_1,1,1,1,1
